date,company,email,subject
2026-07-20,Autozone,speakout@beheard.co.za,Help Put South African Delivery Heroes on the Map – Autozone
2026-07-20,Tiger Wheel & Tyre,info@tigerwheel.co.za,Help Put South African Delivery Heroes on the Map – Tiger Wheel & Tyre
2026-07-20,Tiger Wheel & Tyre,customerservice@tigerwheel.co.za,Help Put South African Delivery Heroes on the Map – Tiger Wheel & Tyre
2026-07-20,Alert Engine Parts,info@alertparts.co.za,Help Put South African Delivery Heroes on the Map – Alert Engine Parts
2026-07-20,Alert Engine Parts,sales@alertparts.co.za,Help Put South African Delivery Heroes on the Map – Alert Engine Parts
2026-07-20,Bosch Service SA,info@boschcarservice.co.za,Help Put South African Delivery Heroes on the Map – Bosch Service SA
2026-07-20,Bosch Service SA,service@boschcarservice.co.za,Help Put South African Delivery Heroes on the Map – Bosch Service SA
2026-07-20,Continental Tyre SA,info@continental-tyres.co.za,Help Put South African Delivery Heroes on the Map – Continental Tyre SA
2026-07-20,Continental Tyre SA,support@continental-tyres.co.za,Help Put South African Delivery Heroes on the Map – Continental Tyre SA
2026-07-20,Masterparts,info@masterparts.co.za,Help Put South African Delivery Heroes on the Map – Masterparts
2026-07-20,Masterparts,sales@masterparts.co.za,Help Put South African Delivery Heroes on the Map – Masterparts
2026-07-20,Goldwagen,info@goldwagen.co.za,Help Put South African Delivery Heroes on the Map – Goldwagen
2026-07-20,Goldwagen,support@goldwagen.co.za,Help Put South African Delivery Heroes on the Map – Goldwagen
2026-07-20,Herotel,info@herotel.co.za,Help Put South African Delivery Heroes on the Map – Herotel
2026-07-20,Herotel,support@herotel.co.za,Help Put South African Delivery Heroes on the Map – Herotel
2026-07-20,RSAWeb,info@rsaweb.co.za,Help Put South African Delivery Heroes on the Map – RSAWeb
2026-07-20,RSAWeb,support@rsaweb.co.za,Help Put South African Delivery Heroes on the Map – RSAWeb
2026-07-20,Internet Solutions,info@is.co.za,Help Put South African Delivery Heroes on the Map – Internet Solutions
2026-07-20,Internet Solutions,support@is.co.za,Help Put South African Delivery Heroes on the Map – Internet Solutions
2026-07-20,Yoco,press@yoco.com,Help Put South African Delivery Heroes on the Map – Yoco
2026-07-20,Yoco,complaint@yoco.com,Help Put South African Delivery Heroes on the Map – Yoco
2026-07-20,Yoco,chargebacks@yoco.com,Help Put South African Delivery Heroes on the Map – Yoco
2026-07-20,Mobicred,customerservice@mobicred.co.za,Help Put South African Delivery Heroes on the Map – Mobicred
2026-07-20,TymeBank,service@gotyme.co.za,Help Put South African Delivery Heroes on the Map – TymeBank
2026-07-20,Yoco,info@yoco.co.za,Help Put South African Delivery Heroes on the Map – Yoco
2026-07-20,Yoco,support@yoco.co.za,Help Put South African Delivery Heroes on the Map – Yoco
2026-07-20,SnapScan,info@snapscan.co.za,Help Put South African Delivery Heroes on the Map – SnapScan
2026-07-20,SnapScan,support@snapscan.co.za,Help Put South African Delivery Heroes on the Map – SnapScan
2026-07-20,Zapper,info@zapper.com,Help Put South African Delivery Heroes on the Map – Zapper
2026-07-20,Zapper,support@zapper.com,Help Put South African Delivery Heroes on the Map – Zapper
2026-07-20,PayFast,info@payfast.co.za,Help Put South African Delivery Heroes on the Map – PayFast
2026-07-20,PayFast,support@payfast.co.za,Help Put South African Delivery Heroes on the Map – PayFast
2026-07-20,Ozow,info@ozow.com,Help Put South African Delivery Heroes on the Map – Ozow
2026-07-20,Ozow,support@ozow.com,Help Put South African Delivery Heroes on the Map – Ozow
2026-07-20,iKhokha,info@ikhokha.co.za,Help Put South African Delivery Heroes on the Map – iKhokha
2026-07-20,iKhokha,support@ikhokha.co.za,Help Put South African Delivery Heroes on the Map – iKhokha
2026-07-20,Peach Payments,info@peachpayments.com,Help Put South African Delivery Heroes on the Map – Peach Payments
2026-07-20,Peach Payments,support@peachpayments.com,Help Put South African Delivery Heroes on the Map – Peach Payments
2026-07-20,Payflex,support@payflex.co.za,Help Put South African Delivery Heroes on the Map – Payflex
2026-07-20,TymeBank,info@tymebank.co.za,Help Put South African Delivery Heroes on the Map – TymeBank
2026-07-20,TymeBank,support@tymebank.co.za,Help Put South African Delivery Heroes on the Map – TymeBank
2026-07-20,Discovery Bank,info@discovery.bank,Help Put South African Delivery Heroes on the Map – Discovery Bank
2026-07-20,Netstar,companion@netstar.co.za,Help Put South African Delivery Heroes on the Map – Netstar
2026-07-20,Netstar,cs@netstar.co.za,Help Put South African Delivery Heroes on the Map – Netstar
2026-07-20,Ctrack,digital@lkda.co.za,Help Put South African Delivery Heroes on the Map – Ctrack
2026-07-20,Cartrack,robin.erasmus@yahoo.com,Help Put South African Delivery Heroes on the Map – Cartrack
2026-07-20,GoMetro,hello@gometroapp.com,Help Put South African Delivery Heroes on the Map – GoMetro
2026-07-20,Advanced Telematics,darryll@advancedtelematics.co.za,Help Put South African Delivery Heroes on the Map – Advanced Telematics
2026-07-20,Fleet Horizon,info@fleethorizon.co.za,Help Put South African Delivery Heroes on the Map – Fleet Horizon
2026-07-20,Vehicle Tracking Solutions,sales@vtsconnect.net,Help Put South African Delivery Heroes on the Map – Vehicle Tracking Solutions
2026-07-20,Vehicle Tracking Solutions,support@vtsconnect.net,Help Put South African Delivery Heroes on the Map – Vehicle Tracking Solutions
2026-07-20,Vehicle Tracking Solutions,accounts@vtsconnect.net,Help Put South African Delivery Heroes on the Map – Vehicle Tracking Solutions
2026-07-20,Tracker,info@tracker.co.za,Help Put South African Delivery Heroes on the Map – Tracker
2026-07-20,Tracker,support@tracker.co.za,Help Put South African Delivery Heroes on the Map – Tracker
2026-07-20,FleetCam,info@fleetcam.co.za,Help Put South African Delivery Heroes on the Map – FleetCam
2026-07-20,FleetCam,support@fleetcam.co.za,Help Put South African Delivery Heroes on the Map – FleetCam
2026-07-20,GoMetro,info@gometro.co.za,Help Put South African Delivery Heroes on the Map – GoMetro
2026-07-20,GoMetro,support@gometro.co.za,Help Put South African Delivery Heroes on the Map – GoMetro
2026-07-20,GPS Insight,info@gpssight.co.za,Help Put South African Delivery Heroes on the Map – GPS Insight
2026-07-20,GPS Insight,support@gpssight.co.za,Help Put South African Delivery Heroes on the Map – GPS Insight
2026-07-20,SmartTrack,info@smarttrack.co.za,Help Put South African Delivery Heroes on the Map – SmartTrack
2026-07-20,SmartTrack,support@smarttrack.co.za,Help Put South African Delivery Heroes on the Map – SmartTrack
2026-07-20,Vehicle Tracking Solutions,support@vts.co.za,Help Put South African Delivery Heroes on the Map – Vehicle Tracking Solutions
2026-07-20,MiWay,info@miway.co.za,Help Put South African Delivery Heroes on the Map – MiWay
2026-07-20,MiWay,support@miway.co.za,Help Put South African Delivery Heroes on the Map – MiWay
2026-07-20,Old Mutual Insure,info@oldmutualinsure.co.za,Help Put South African Delivery Heroes on the Map – Old Mutual Insure
2026-07-20,Old Mutual Insure,support@oldmutualinsure.co.za,Help Put South African Delivery Heroes on the Map – Old Mutual Insure
2026-07-20,Dialdirect,info@dialdirect.co.za,Help Put South African Delivery Heroes on the Map – Dialdirect
2026-07-20,Dialdirect,support@dialdirect.co.za,Help Put South African Delivery Heroes on the Map – Dialdirect
2026-07-20,MiWay,complaints@miway.co.za,Help Put South African Delivery Heroes on the Map – MiWay
2026-07-20,Auto & General,disputeresolution@autogen.co.za,Help Put South African Delivery Heroes on the Map – Auto & General
2026-07-20,Auto & General,policyservice@autogen.co.za,Help Put South African Delivery Heroes on the Map – Auto & General
2026-07-20,Dialdirect,procurement@tihsa.co.za,Help Put South African Delivery Heroes on the Map – Dialdirect
2026-07-20,Domino's Pizza SA,info@dominos.co.za,Help Put South African Delivery Heroes on the Map – Domino's Pizza SA
2026-07-20,Domino's Pizza SA,customerservice@dominos.co.za,Help Put South African Delivery Heroes on the Map – Domino's Pizza SA
2026-07-20,Debonairs Pizza,info@debonairs.co.za,Help Put South African Delivery Heroes on the Map – Debonairs Pizza
2026-07-20,Debonairs Pizza,support@debonairs.co.za,Help Put South African Delivery Heroes on the Map – Debonairs Pizza
2026-07-20,Galito's,info@galitos.co.za,Help Put South African Delivery Heroes on the Map – Galito's
2026-07-20,Galito's,support@galitos.co.za,Help Put South African Delivery Heroes on the Map – Galito's
2026-07-20,Simply Asia,info@simplyasia.co.za,Help Put South African Delivery Heroes on the Map – Simply Asia
2026-07-20,Panarottis,customer-care@panarottis.com,Help Put South African Delivery Heroes on the Map – Panarottis
2026-07-20,Simply Asia,feedback@capethai.co.za,Help Put South African Delivery Heroes on the Map – Simply Asia
2026-07-20,RocoMamas,howzit@rocomamas.co.za,Help Put South African Delivery Heroes on the Map – RocoMamas
2026-07-20,Car Care Clinic,info@carcareclinic.co.za,Help Put South African Delivery Heroes on the Map – Car Care Clinic
2026-07-20,Auto Valet SA,info@autovalet.co.za,Help Put South African Delivery Heroes on the Map – Auto Valet SA
2026-07-20,Auto Valet SA,support@autovalet.co.za,Help Put South African Delivery Heroes on the Map – Auto Valet SA
2026-07-20,The Car Wash Company,info@thecarwashcompany.co.za,Help Put South African Delivery Heroes on the Map – The Car Wash Company
2026-07-20,The Car Wash Company,support@thecarwashcompany.co.za,Help Put South African Delivery Heroes on the Map – The Car Wash Company
2026-07-20,Sparkle Car Wash,info@sparklecarwash.co.za,Help Put South African Delivery Heroes on the Map – Sparkle Car Wash
2026-07-20,Sparkle Car Wash,support@sparklecarwash.co.za,Help Put South African Delivery Heroes on the Map – Sparkle Car Wash
2026-07-20,Diamond Car Wash,info@diamondcarwash.co.za,Help Put South African Delivery Heroes on the Map – Diamond Car Wash
2026-07-20,Diamond Car Wash,support@diamondcarwash.co.za,Help Put South African Delivery Heroes on the Map – Diamond Car Wash
2026-07-20,Executive Car Wash,info@executivecarwash.co.za,Help Put South African Delivery Heroes on the Map – Executive Car Wash
2026-07-20,Executive Car Wash,support@executivecarwash.co.za,Help Put South African Delivery Heroes on the Map – Executive Car Wash
2026-07-20,Eco Wash,info@ecowash.co.za,Help Put South African Delivery Heroes on the Map – Eco Wash
2026-07-20,Eco Wash,support@ecowash.co.za,Help Put South African Delivery Heroes on the Map – Eco Wash
2026-07-20,Mobile Wash SA,info@mobilewashsa.co.za,Help Put South African Delivery Heroes on the Map – Mobile Wash SA
2026-07-20,Mobile Wash SA,support@mobilewashsa.co.za,Help Put South African Delivery Heroes on the Map – Mobile Wash SA
2026-07-20,Clean Green Mobile,info@cleangreenmobile.co.za,Help Put South African Delivery Heroes on the Map – Clean Green Mobile
2026-07-20,Clean Green Mobile,support@cleangreenmobile.co.za,Help Put South African Delivery Heroes on the Map – Clean Green Mobile
2026-07-20,Valet Master,info@valetmaster.co.za,Help Put South African Delivery Heroes on the Map – Valet Master
2026-07-20,Valet Master,support@valetmaster.co.za,Help Put South African Delivery Heroes on the Map – Valet Master
2026-07-20,Auto Spa,info@autospa.co.za,Help Put South African Delivery Heroes on the Map – Auto Spa
2026-07-20,Auto Spa,support@autospa.co.za,Help Put South African Delivery Heroes on the Map – Auto Spa
2026-07-20,The Green Cab,info@thegreencab.co.za,Help Put South African Delivery Heroes on the Map – The Green Cab
2026-07-20,The Green Cab,bookings@thegreencab.co.za,Help Put South African Delivery Heroes on the Map – The Green Cab
2026-07-20,Drive Electric,rentals@driveelectric.co.za,Help Put South African Delivery Heroes on the Map – Drive Electric
2026-07-20,Green Scooter,info@greenscooter.co.za,Help Put South African Delivery Heroes on the Map – Green Scooter
2026-07-20,Green Scooter,support@greenscooter.co.za,Help Put South African Delivery Heroes on the Map – Green Scooter
2026-07-20,Eleksa,info@eleksa.co.za,Help Put South African Delivery Heroes on the Map – Eleksa
2026-07-20,Eleksa,support@eleksa.co.za,Help Put South African Delivery Heroes on the Map – Eleksa
2026-07-20,Scoot SA,info@scootsa.co.za,Help Put South African Delivery Heroes on the Map – Scoot SA
2026-07-20,EV Africa,info@evafrica.co.za,Help Put South African Delivery Heroes on the Map – EV Africa
2026-07-20,GridCars,info@gridcars.co.za,Help Put South African Delivery Heroes on the Map – GridCars
2026-07-20,GridCars,support@gridcars.co.za,Help Put South African Delivery Heroes on the Map – GridCars
2026-07-20,Drive Electric,info@driveelectric.co.za,Help Put South African Delivery Heroes on the Map – Drive Electric
2026-07-20,E-Delivery SA,info@edelivery.co.za,Help Put South African Delivery Heroes on the Map – E-Delivery SA
2026-07-20,E-Delivery SA,support@edelivery.co.za,Help Put South African Delivery Heroes on the Map – E-Delivery SA
2026-07-20,Autozone,speakout@beheard.co.za,Help Put South African Delivery Heroes on the Map – Autozone
2026-07-20,Masterparts,info@masterparts.co.za,Help Put South African Delivery Heroes on the Map – Masterparts
2026-07-20,Masterparts,sales@masterparts.co.za,Help Put South African Delivery Heroes on the Map – Masterparts
2026-07-20,Goldwagen,info@goldwagen.co.za,Help Put South African Delivery Heroes on the Map – Goldwagen
2026-07-20,Goldwagen,support@goldwagen.co.za,Help Put South African Delivery Heroes on the Map – Goldwagen
2026-07-20,RSAWeb,info@rsaweb.co.za,Help Put South African Delivery Heroes on the Map – RSAWeb
2026-07-20,RSAWeb,support@rsaweb.co.za,Help Put South African Delivery Heroes on the Map – RSAWeb
2026-07-20,Internet Solutions,info@is.co.za,Help Put South African Delivery Heroes on the Map – Internet Solutions
2026-07-20,Internet Solutions,support@is.co.za,Help Put South African Delivery Heroes on the Map – Internet Solutions
2026-07-20,Yoco,press@yoco.com,Help Put South African Delivery Heroes on the Map – Yoco
2026-07-20,Yoco,complaint@yoco.com,Help Put South African Delivery Heroes on the Map – Yoco
2026-07-20,Yoco,chargebacks@yoco.com,Help Put South African Delivery Heroes on the Map – Yoco
2026-07-20,Mobicred,customerservice@mobicred.co.za,Help Put South African Delivery Heroes on the Map – Mobicred
2026-07-20,TymeBank,service@gotyme.co.za,Help Put South African Delivery Heroes on the Map – TymeBank
2026-07-20,Yoco,info@yoco.co.za,Help Put South African Delivery Heroes on the Map – Yoco
2026-07-20,Yoco,support@yoco.co.za,Help Put South African Delivery Heroes on the Map – Yoco
2026-07-20,SnapScan,info@snapscan.co.za,Help Put South African Delivery Heroes on the Map – SnapScan
2026-07-20,SnapScan,support@snapscan.co.za,Help Put South African Delivery Heroes on the Map – SnapScan
2026-07-20,Zapper,info@zapper.com,Help Put South African Delivery Heroes on the Map – Zapper
2026-07-20,Zapper,support@zapper.com,Help Put South African Delivery Heroes on the Map – Zapper
2026-07-20,PayFast,info@payfast.co.za,Help Put South African Delivery Heroes on the Map – PayFast
2026-07-20,PayFast,support@payfast.co.za,Help Put South African Delivery Heroes on the Map – PayFast
2026-07-20,Ozow,info@ozow.com,Help Put South African Delivery Heroes on the Map – Ozow
2026-07-20,Ozow,support@ozow.com,Help Put South African Delivery Heroes on the Map – Ozow
2026-07-20,Peach Payments,info@peachpayments.com,Help Put South African Delivery Heroes on the Map – Peach Payments
2026-07-20,Peach Payments,support@peachpayments.com,Help Put South African Delivery Heroes on the Map – Peach Payments
2026-07-20,Payflex,support@payflex.co.za,Help Put South African Delivery Heroes on the Map – Payflex
2026-07-20,TymeBank,info@tymebank.co.za,Help Put South African Delivery Heroes on the Map – TymeBank
2026-07-20,TymeBank,support@tymebank.co.za,Help Put South African Delivery Heroes on the Map – TymeBank
2026-07-20,Discovery Bank,info@discovery.bank,Help Put South African Delivery Heroes on the Map – Discovery Bank
2026-07-20,Netstar,companion@netstar.co.za,Help Put South African Delivery Heroes on the Map – Netstar
2026-07-20,Netstar,cs@netstar.co.za,Help Put South African Delivery Heroes on the Map – Netstar
2026-07-20,Ctrack,digital@lkda.co.za,Help Put South African Delivery Heroes on the Map – Ctrack
2026-07-20,GoMetro,hello@gometroapp.com,Help Put South African Delivery Heroes on the Map – GoMetro
2026-07-20,Advanced Telematics,darryll@advancedtelematics.co.za,Help Put South African Delivery Heroes on the Map – Advanced Telematics
2026-07-20,Fleet Horizon,info@fleethorizon.co.za,Help Put South African Delivery Heroes on the Map – Fleet Horizon
2026-07-20,Vehicle Tracking Solutions,sales@vtsconnect.net,Help Put South African Delivery Heroes on the Map – Vehicle Tracking Solutions
2026-07-20,Vehicle Tracking Solutions,support@vtsconnect.net,Help Put South African Delivery Heroes on the Map – Vehicle Tracking Solutions
2026-07-20,Vehicle Tracking Solutions,accounts@vtsconnect.net,Help Put South African Delivery Heroes on the Map – Vehicle Tracking Solutions
2026-07-20,Tracker,info@tracker.co.za,Help Put South African Delivery Heroes on the Map – Tracker
2026-07-20,Tracker,support@tracker.co.za,Help Put South African Delivery Heroes on the Map – Tracker
2026-07-20,FleetCam,info@fleetcam.co.za,Help Put South African Delivery Heroes on the Map – FleetCam
2026-07-20,FleetCam,support@fleetcam.co.za,Help Put South African Delivery Heroes on the Map – FleetCam
2026-07-20,GoMetro,info@gometro.co.za,Help Put South African Delivery Heroes on the Map – GoMetro
2026-07-20,GoMetro,support@gometro.co.za,Help Put South African Delivery Heroes on the Map – GoMetro
2026-07-20,Vehicle Tracking Solutions,support@vts.co.za,Help Put South African Delivery Heroes on the Map – Vehicle Tracking Solutions
2026-07-20,MiWay,info@miway.co.za,Help Put South African Delivery Heroes on the Map – MiWay
2026-07-20,MiWay,support@miway.co.za,Help Put South African Delivery Heroes on the Map – MiWay
2026-07-20,Dialdirect,info@dialdirect.co.za,Help Put South African Delivery Heroes on the Map – Dialdirect
2026-07-20,Dialdirect,support@dialdirect.co.za,Help Put South African Delivery Heroes on the Map – Dialdirect
2026-07-20,MiWay,complaints@miway.co.za,Help Put South African Delivery Heroes on the Map – MiWay
2026-07-20,Auto & General,disputeresolution@autogen.co.za,Help Put South African Delivery Heroes on the Map – Auto & General
2026-07-20,Auto & General,policyservice@autogen.co.za,Help Put South African Delivery Heroes on the Map – Auto & General
2026-07-20,Dialdirect,procurement@tihsa.co.za,Help Put South African Delivery Heroes on the Map – Dialdirect
2026-07-20,Domino's Pizza SA,info@dominos.co.za,Help Put South African Delivery Heroes on the Map – Domino's Pizza SA
2026-07-20,Domino's Pizza SA,customerservice@dominos.co.za,Help Put South African Delivery Heroes on the Map – Domino's Pizza SA
2026-07-20,Debonairs Pizza,info@debonairs.co.za,Help Put South African Delivery Heroes on the Map – Debonairs Pizza
2026-07-20,Debonairs Pizza,support@debonairs.co.za,Help Put South African Delivery Heroes on the Map – Debonairs Pizza
2026-07-20,Galito's,info@galitos.co.za,Help Put South African Delivery Heroes on the Map – Galito's
2026-07-20,Galito's,support@galitos.co.za,Help Put South African Delivery Heroes on the Map – Galito's
2026-07-20,Simply Asia,info@simplyasia.co.za,Help Put South African Delivery Heroes on the Map – Simply Asia
2026-07-20,Panarottis,customer-care@panarottis.com,Help Put South African Delivery Heroes on the Map – Panarottis
2026-07-20,Simply Asia,feedback@capethai.co.za,Help Put South African Delivery Heroes on the Map – Simply Asia
2026-07-20,RocoMamas,howzit@rocomamas.co.za,Help Put South African Delivery Heroes on the Map – RocoMamas
2026-07-20,Car Care Clinic,info@carcareclinic.co.za,Help Put South African Delivery Heroes on the Map – Car Care Clinic
2026-07-20,The Green Cab,info@thegreencab.co.za,Help Put South African Delivery Heroes on the Map – The Green Cab
2026-07-20,The Green Cab,bookings@thegreencab.co.za,Help Put South African Delivery Heroes on the Map – The Green Cab
2026-07-20,Drive Electric,rentals@driveelectric.co.za,Help Put South African Delivery Heroes on the Map – Drive Electric
2026-07-20,Green Scooter,info@greenscooter.co.za,Help Put South African Delivery Heroes on the Map – Green Scooter
2026-07-20,Green Scooter,support@greenscooter.co.za,Help Put South African Delivery Heroes on the Map – Green Scooter
2026-07-20,Eleksa,support@eleksa.co.za,Help Put South African Delivery Heroes on the Map – Eleksa
2026-07-20,Scoot SA,info@scootsa.co.za,Help Put South African Delivery Heroes on the Map – Scoot SA
2026-07-20,GridCars,info@gridcars.co.za,Help Put South African Delivery Heroes on the Map – GridCars
2026-07-20,GridCars,support@gridcars.co.za,Help Put South African Delivery Heroes on the Map – GridCars
2026-07-20,Drive Electric,info@driveelectric.co.za,Help Put South African Delivery Heroes on the Map – Drive Electric
2026-07-20,E-Delivery SA,info@edelivery.co.za,Help Put South African Delivery Heroes on the Map – E-Delivery SA
2026-07-20,E-Delivery SA,support@edelivery.co.za,Help Put South African Delivery Heroes on the Map – E-Delivery SA
2026-07-20,BP Southern Africa,autoscan1@bp.com,Help Put South African Delivery Heroes on the Map – BP Southern Africa
2026-07-20,BP Southern Africa,supportretail1@bp.com,Help Put South African Delivery Heroes on the Map – BP Southern Africa
2026-07-20,BP Southern Africa,helpdeskmailbox@bp.com,Help Put South African Delivery Heroes on the Map – BP Southern Africa
2026-07-20,BP Southern Africa,bpsasd@bp.com,Help Put South African Delivery Heroes on the Map – BP Southern Africa
2026-07-20,BP Southern Africa,suzan.zungu@bp.com,Help Put South African Delivery Heroes on the Map – BP Southern Africa
2026-07-20,BP Southern Africa,bpsaapmailbox@za.bp.com,Help Put South African Delivery Heroes on the Map – BP Southern Africa
2026-07-20,Engen,info@engen.co.za,Help Put South African Delivery Heroes on the Map – Engen
2026-07-20,Shell South Africa,generalpublicenquiries-za@shell.com,Help Put South African Delivery Heroes on the Map – Shell South Africa
2026-07-20,Sasol,ntime@atisalubricants.co.za,Help Put South African Delivery Heroes on the Map – Sasol
2026-07-20,Sasol,sales@oils.co.za,Help Put South African Delivery Heroes on the Map – Sasol
2026-07-20,Sasol,hmadeira@pess.co.mz,Help Put South African Delivery Heroes on the Map – Sasol
2026-07-20,Sasol,sfiso@vikelaenergy.co.za,Help Put South African Delivery Heroes on the Map – Sasol
2026-07-20,Sasol,thulanm@roaderfuels.com,Help Put South African Delivery Heroes on the Map – Sasol
2026-07-20,Sasol,mohamed@voomapetroleum.co.za,Help Put South African Delivery Heroes on the Map – Sasol
2026-07-20,Sasol,gordon.ngwenya@siwenya.com,Help Put South African Delivery Heroes on the Map – Sasol
2026-07-20,Sasol,mark@savred.com,Help Put South African Delivery Heroes on the Map – Sasol
2026-07-20,Fastway,info@fastway.co.za,Help Put South African Delivery Heroes on the Map – Fastway
2026-07-20,Aramex SA,info@aramex.co.za,Help Put South African Delivery Heroes on the Map – Aramex SA
2026-07-20,Aramex SA,customerservice@aramex.co.za,Help Put South African Delivery Heroes on the Map – Aramex SA
2026-07-20,Skynet SA,info@skynet.co.za,Help Put South African Delivery Heroes on the Map – Skynet SA
2026-07-20,Yuppiechef,hello@yuppiechef.com,Help Put South African Delivery Heroes on the Map – Yuppiechef
2026-07-20,Loot.co.za,info@loot.co.za,Help Put South African Delivery Heroes on the Map – Loot.co.za
2026-07-20,Viper Performance,johan@viperperformance.co.za,Help Put South African Delivery Heroes on the Map – Viper Performance
2026-07-20,Viper Performance,cobus@viperperformance.co.za,Help Put South African Delivery Heroes on the Map – Viper Performance
2026-07-20,Viper Performance,sales@viperperformance.co.za,Help Put South African Delivery Heroes on the Map – Viper Performance
2026-07-20,Viper Performance,middelburg@viperperformance.co.za,Help Put South African Delivery Heroes on the Map – Viper Performance
2026-07-20,Wulfchiptegnik SA,yourname@domain.co.za,Help Put South African Delivery Heroes on the Map – Wulfchiptegnik SA
2026-07-20,Wulfchiptegnik SA,info@vagtec.co.za,Help Put South African Delivery Heroes on the Map – Wulfchiptegnik SA
2026-07-20,Wulfchiptegnik SA,enquiries@wulfchiptegnik.com,Help Put South African Delivery Heroes on the Map – Wulfchiptegnik SA
2026-07-20,Turbo Direct SA,info@turbodirect.co.za,Help Put South African Delivery Heroes on the Map – Turbo Direct SA
2026-07-20,Turbo Direct SA,your@email.co.za,Help Put South African Delivery Heroes on the Map – Turbo Direct SA
2026-07-20,Import Parts SA,sales@importparts.co.za,Help Put South African Delivery Heroes on the Map – Import Parts SA
2026-07-20,Autostyle Motorsport,sales@autostyle.co.za,Help Put South African Delivery Heroes on the Map – Autostyle Motorsport
2026-07-20,Autostyle Motorsport,boksburg@autostyle.co.za,Help Put South African Delivery Heroes on the Map – Autostyle Motorsport
2026-07-20,Powerflow Exhausts SA,info@powerflowexhausts.co.za,Help Put South African Delivery Heroes on the Map – Powerflow Exhausts SA
2026-07-20,Powerflow Exhausts SA,sales@powerflowexhausts.co.za,Help Put South African Delivery Heroes on the Map – Powerflow Exhausts SA
2026-07-20,Viper Performance,info@viperperformance.co.za,Help Put South African Delivery Heroes on the Map – Viper Performance
2026-07-20,Import Parts SA,info@importparts.co.za,Help Put South African Delivery Heroes on the Map – Import Parts SA
2026-07-20,Autostyle Motorsport,info@autostyle.co.za,Help Put South African Delivery Heroes on the Map – Autostyle Motorsport
2026-07-20,Autostyle Motorsport,support@autostyle.co.za,Help Put South African Delivery Heroes on the Map – Autostyle Motorsport
2026-07-20,Mr Turbo,info@mrturbo.co.za,Help Put South African Delivery Heroes on the Map – Mr Turbo
2026-07-20,Mr Turbo,sales@mrturbo.co.za,Help Put South African Delivery Heroes on the Map – Mr Turbo
2026-07-21,TurboWorks,sales@turboworks.co.za,Help Put South African Delivery Heroes on the Map – TurboWorks
2026-07-21,RS Performance,info@rsperformance.co.za,Help Put South African Delivery Heroes on the Map – RS Performance
2026-07-21,RS Performance,sales@rsperformance.co.za,Help Put South African Delivery Heroes on the Map – RS Performance
2026-07-21,TurboWorks,info@turboworks.co.za,Help Put South African Delivery Heroes on the Map – TurboWorks
2026-07-21,SafetyJogger SA,sales@safetyjogger.co.za,Help Put South African Delivery Heroes on the Map – SafetyJogger SA
2026-07-21,Hire All,hd@hireall.co.za,Help Put South African Delivery Heroes on the Map – Hire All
2026-07-21,Hire All,mt@hireall.co.za,Help Put South African Delivery Heroes on the Map – Hire All
2026-07-21,Hire All,wm@hireall.co.za,Help Put South African Delivery Heroes on the Map – Hire All
2026-07-21,Hire All,ls@hireall.co.za,Help Put South African Delivery Heroes on the Map – Hire All
2026-07-21,Hire All,sales@hireall.co.za,Help Put South African Delivery Heroes on the Map – Hire All
2026-07-21,Hire All,ve@hireall.co.za,Help Put South African Delivery Heroes on the Map – Hire All
2026-07-21,Hire All,bh@hireall.co.za,Help Put South African Delivery Heroes on the Map – Hire All
2026-07-21,Hire All,wb@hireall.co.za,Help Put South African Delivery Heroes on the Map – Hire All
2026-07-21,Hire All,jp@hireall.co.za,Help Put South African Delivery Heroes on the Map – Hire All
2026-07-21,Hire All,rf@hireall.co.za,Help Put South African Delivery Heroes on the Map – Hire All
2026-07-21,Hire All,rb@hireall.co.za,Help Put South African Delivery Heroes on the Map – Hire All
2026-07-21,Hire All,fl@hireall.co.za,Help Put South African Delivery Heroes on the Map – Hire All
2026-07-21,Hire All,kd@hireall.co.za,Help Put South African Delivery Heroes on the Map – Hire All
2026-07-21,Hire All,plant@hireall.co.za,Help Put South African Delivery Heroes on the Map – Hire All
2026-07-21,Stretch Tents SA,sales@conceptabrasives.co.za,Help Put South African Delivery Heroes on the Map – Stretch Tents SA
2026-07-21,Party Rentals,info@partyrentals.co.za,Help Put South African Delivery Heroes on the Map – Party Rentals
2026-07-21,Party Rentals,sales@partyrentals.co.za,Help Put South African Delivery Heroes on the Map – Party Rentals
2026-07-21,Hire All,info@hireall.co.za,Help Put South African Delivery Heroes on the Map – Hire All
2026-07-21,Lighting Hire SA,info@lightinghire.co.za,Help Put South African Delivery Heroes on the Map – Lighting Hire SA
2026-07-21,Lighting Hire SA,sales@lightinghire.co.za,Help Put South African Delivery Heroes on the Map – Lighting Hire SA
2026-07-21,National Glass,info@natglass.co.za,Help Put South African Delivery Heroes on the Map – National Glass
2026-07-21,National Glass,msagi@natglass.co.za,Help Put South African Delivery Heroes on the Map – National Glass
2026-07-21,OptiGlass,sales@optiglass.co.za,Help Put South African Delivery Heroes on the Map – OptiGlass
2026-07-21,OptiGlass,info@optiglass.co.za,Help Put South African Delivery Heroes on the Map – OptiGlass
2026-07-21,PG Glass,info@pgglass.co.za,Help Put South African Delivery Heroes on the Map – PG Glass
2026-07-21,Shatterprufe,info@shatterprufe.co.za,Help Put South African Delivery Heroes on the Map – Shatterprufe
2026-07-21,Shatterprufe,sales@shatterprufe.co.za,Help Put South African Delivery Heroes on the Map – Shatterprufe
2026-07-21,Swift Glass,info@swiftglass.co.za,Help Put South African Delivery Heroes on the Map – Swift Glass
2026-07-21,Swift Glass,sales@swiftglass.co.za,Help Put South African Delivery Heroes on the Map – Swift Glass
2026-07-21,OptiGlass,support@optiglass.co.za,Help Put South African Delivery Heroes on the Map – OptiGlass
2026-07-21,Absa Fleet,info@absafleet.co.za,Help Put South African Delivery Heroes on the Map – Absa Fleet
2026-07-21,Absa Fleet,sales@absafleet.co.za,Help Put South African Delivery Heroes on the Map – Absa Fleet
2026-07-21,Total Fleet,info@totalfleet.co.za,Help Put South African Delivery Heroes on the Map – Total Fleet
2026-07-21,Total Fleet,support@totalfleet.co.za,Help Put South African Delivery Heroes on the Map – Total Fleet
2026-07-21,EV Charge SA,info@evcharge.co.za,Time is Running Out – Sponsor Our Red Bull Cart Race Team
2026-07-21,PlugPoint,sales@plugpoint.co.za,Time is Running Out – Sponsor Our Red Bull Cart Race Team
2026-07-21,PlugPoint,support@plugpoint.co.za,Time is Running Out – Sponsor Our Red Bull Cart Race Team
2026-07-21,EV Charge SA,sales@evcharge.co.za,Time is Running Out – Sponsor Our Red Bull Cart Race Team
2026-07-21,PlugPoint,info@plugpoint.co.za,Time is Running Out – Sponsor Our Red Bull Cart Race Team
2026-07-21,GreenCharge,info@greencharge.co.za,Time is Running Out – Sponsor Our Red Bull Cart Race Team
2026-07-21,GreenCharge,support@greencharge.co.za,Time is Running Out – Sponsor Our Red Bull Cart Race Team
2026-07-21,ReCharge,info@recharge.co.za,Time is Running Out – Sponsor Our Red Bull Cart Race Team
2026-07-21,ReCharge,sales@recharge.co.za,Time is Running Out – Sponsor Our Red Bull Cart Race Team
2026-07-22,BP Southern Africa,autoscan1@bp.com,Help Put South African Delivery Heroes on the Map – BP Southern Africa
2026-07-22,BP Southern Africa,supportretail1@bp.com,Help Put South African Delivery Heroes on the Map – BP Southern Africa
2026-07-22,BP Southern Africa,helpdeskmailbox@bp.com,Help Put South African Delivery Heroes on the Map – BP Southern Africa
2026-07-22,BP Southern Africa,bpsasd@bp.com,Help Put South African Delivery Heroes on the Map – BP Southern Africa
2026-07-22,BP Southern Africa,suzan.zungu@bp.com,Help Put South African Delivery Heroes on the Map – BP Southern Africa
2026-07-22,BP Southern Africa,bpsaapmailbox@za.bp.com,Help Put South African Delivery Heroes on the Map – BP Southern Africa
2026-07-22,Engen,info@engen.co.za,Help Put South African Delivery Heroes on the Map – Engen
2026-07-22,Shell South Africa,generalpublicenquiries-za@shell.com,Help Put South African Delivery Heroes on the Map – Shell South Africa
2026-07-22,Sasol,ntime@atisalubricants.co.za,Help Put South African Delivery Heroes on the Map – Sasol
2026-07-22,Sasol,sales@oils.co.za,Help Put South African Delivery Heroes on the Map – Sasol
2026-07-22,Sasol,hmadeira@pess.co.mz,Help Put South African Delivery Heroes on the Map – Sasol
2026-07-22,Sasol,sfiso@vikelaenergy.co.za,Help Put South African Delivery Heroes on the Map – Sasol
2026-07-22,Sasol,thulanm@roaderfuels.com,Help Put South African Delivery Heroes on the Map – Sasol
2026-07-22,Sasol,mohamed@voomapetroleum.co.za,Help Put South African Delivery Heroes on the Map – Sasol
2026-07-22,Sasol,gordon.ngwenya@siwenya.com,Help Put South African Delivery Heroes on the Map – Sasol
2026-07-22,Sasol,mark@savred.com,Help Put South African Delivery Heroes on the Map – Sasol
2026-07-22,Fastway,info@fastway.co.za,Help Put South African Delivery Heroes on the Map – Fastway
2026-07-22,Aramex SA,info@aramex.co.za,Help Put South African Delivery Heroes on the Map – Aramex SA
2026-07-22,Aramex SA,customerservice@aramex.co.za,Help Put South African Delivery Heroes on the Map – Aramex SA
2026-07-22,Skynet SA,info@skynet.co.za,Help Put South African Delivery Heroes on the Map – Skynet SA
2026-07-22,Yuppiechef,hello@yuppiechef.com,Help Put South African Delivery Heroes on the Map – Yuppiechef
2026-07-22,Loot.co.za,info@loot.co.za,Help Put South African Delivery Heroes on the Map – Loot.co.za
2026-07-22,Autozone,speakout@beheard.co.za,Help Put South African Delivery Heroes on the Map – Autozone
2026-07-22,Masterparts,info@masterparts.co.za,Help Put South African Delivery Heroes on the Map – Masterparts
2026-07-22,Masterparts,sales@masterparts.co.za,Help Put South African Delivery Heroes on the Map – Masterparts
2026-07-22,Goldwagen,info@goldwagen.co.za,Help Put South African Delivery Heroes on the Map – Goldwagen
2026-07-22,RSAWeb,info@rsaweb.co.za,Help Put South African Delivery Heroes on the Map – RSAWeb
2026-07-22,RSAWeb,support@rsaweb.co.za,Help Put South African Delivery Heroes on the Map – RSAWeb
2026-07-22,Internet Solutions,info@is.co.za,Help Put South African Delivery Heroes on the Map – Internet Solutions
2026-07-22,Internet Solutions,support@is.co.za,Help Put South African Delivery Heroes on the Map – Internet Solutions
2026-07-22,Yoco,press@yoco.com,Help Put South African Delivery Heroes on the Map – Yoco
2026-07-22,Yoco,complaint@yoco.com,Help Put South African Delivery Heroes on the Map – Yoco
2026-07-22,Yoco,chargebacks@yoco.com,Help Put South African Delivery Heroes on the Map – Yoco
2026-07-22,Mobicred,customerservice@mobicred.co.za,Help Put South African Delivery Heroes on the Map – Mobicred
2026-07-22,TymeBank,service@gotyme.co.za,Help Put South African Delivery Heroes on the Map – TymeBank
2026-07-22,Yoco,info@yoco.co.za,Help Put South African Delivery Heroes on the Map – Yoco
2026-07-22,Yoco,support@yoco.co.za,Help Put South African Delivery Heroes on the Map – Yoco
2026-07-22,SnapScan,info@snapscan.co.za,Help Put South African Delivery Heroes on the Map – SnapScan
2026-07-22,SnapScan,support@snapscan.co.za,Help Put South African Delivery Heroes on the Map – SnapScan
2026-07-22,Zapper,info@zapper.com,Help Put South African Delivery Heroes on the Map – Zapper
2026-07-22,Zapper,support@zapper.com,Help Put South African Delivery Heroes on the Map – Zapper
2026-07-22,PayFast,info@payfast.co.za,Help Put South African Delivery Heroes on the Map – PayFast
2026-07-22,PayFast,support@payfast.co.za,Help Put South African Delivery Heroes on the Map – PayFast
2026-07-22,Ozow,info@ozow.com,Help Put South African Delivery Heroes on the Map – Ozow
2026-07-22,Ozow,support@ozow.com,Help Put South African Delivery Heroes on the Map – Ozow
2026-07-22,Peach Payments,info@peachpayments.com,Help Put South African Delivery Heroes on the Map – Peach Payments
2026-07-22,Peach Payments,support@peachpayments.com,Help Put South African Delivery Heroes on the Map – Peach Payments
2026-07-22,Payflex,support@payflex.co.za,Help Put South African Delivery Heroes on the Map – Payflex
2026-07-22,TymeBank,info@tymebank.co.za,Help Put South African Delivery Heroes on the Map – TymeBank
2026-07-22,TymeBank,support@tymebank.co.za,Help Put South African Delivery Heroes on the Map – TymeBank
2026-07-22,Discovery Bank,info@discovery.bank,Help Put South African Delivery Heroes on the Map – Discovery Bank
2026-07-22,Netstar,companion@netstar.co.za,Help Put South African Delivery Heroes on the Map – Netstar
2026-07-22,Netstar,cs@netstar.co.za,Help Put South African Delivery Heroes on the Map – Netstar
2026-07-22,Ctrack,digital@lkda.co.za,Help Put South African Delivery Heroes on the Map – Ctrack
2026-07-22,GoMetro,hello@gometroapp.com,Help Put South African Delivery Heroes on the Map – GoMetro
2026-07-22,Advanced Telematics,darryll@advancedtelematics.co.za,Help Put South African Delivery Heroes on the Map – Advanced Telematics
2026-07-22,Fleet Horizon,info@fleethorizon.co.za,Help Put South African Delivery Heroes on the Map – Fleet Horizon
2026-07-22,Vehicle Tracking Solutions,sales@vtsconnect.net,Help Put South African Delivery Heroes on the Map – Vehicle Tracking Solutions
2026-07-22,Vehicle Tracking Solutions,support@vtsconnect.net,Help Put South African Delivery Heroes on the Map – Vehicle Tracking Solutions
2026-07-22,Vehicle Tracking Solutions,accounts@vtsconnect.net,Help Put South African Delivery Heroes on the Map – Vehicle Tracking Solutions
2026-07-22,Tracker,support@tracker.co.za,Help Put South African Delivery Heroes on the Map – Tracker
2026-07-22,FleetCam,info@fleetcam.co.za,Help Put South African Delivery Heroes on the Map – FleetCam
2026-07-22,FleetCam,support@fleetcam.co.za,Help Put South African Delivery Heroes on the Map – FleetCam
2026-07-22,GoMetro,info@gometro.co.za,Help Put South African Delivery Heroes on the Map – GoMetro
2026-07-22,GoMetro,support@gometro.co.za,Help Put South African Delivery Heroes on the Map – GoMetro
2026-07-22,Vehicle Tracking Solutions,support@vts.co.za,Help Put South African Delivery Heroes on the Map – Vehicle Tracking Solutions
2026-07-22,MiWay,info@miway.co.za,Help Put South African Delivery Heroes on the Map – MiWay
2026-07-22,MiWay,support@miway.co.za,Help Put South African Delivery Heroes on the Map – MiWay
2026-07-22,Dialdirect,info@dialdirect.co.za,Help Put South African Delivery Heroes on the Map – Dialdirect
2026-07-22,Dialdirect,support@dialdirect.co.za,Help Put South African Delivery Heroes on the Map – Dialdirect
2026-07-22,MiWay,complaints@miway.co.za,Help Put South African Delivery Heroes on the Map – MiWay
2026-07-22,Auto & General,disputeresolution@autogen.co.za,Help Put South African Delivery Heroes on the Map – Auto & General
2026-07-22,Auto & General,policyservice@autogen.co.za,Help Put South African Delivery Heroes on the Map – Auto & General
2026-07-22,Dialdirect,procurement@tihsa.co.za,Help Put South African Delivery Heroes on the Map – Dialdirect
2026-07-22,Domino's Pizza SA,info@dominos.co.za,Help Put South African Delivery Heroes on the Map – Domino's Pizza SA
2026-07-22,Domino's Pizza SA,customerservice@dominos.co.za,Help Put South African Delivery Heroes on the Map – Domino's Pizza SA
2026-07-22,Debonairs Pizza,info@debonairs.co.za,Help Put South African Delivery Heroes on the Map – Debonairs Pizza
2026-07-22,Debonairs Pizza,support@debonairs.co.za,Help Put South African Delivery Heroes on the Map – Debonairs Pizza
2026-07-22,Galito's,info@galitos.co.za,Help Put South African Delivery Heroes on the Map – Galito's
2026-07-22,Galito's,support@galitos.co.za,Help Put South African Delivery Heroes on the Map – Galito's
2026-07-22,Simply Asia,info@simplyasia.co.za,Help Put South African Delivery Heroes on the Map – Simply Asia
2026-07-22,Panarottis,customer-care@panarottis.com,Help Put South African Delivery Heroes on the Map – Panarottis
2026-07-22,Simply Asia,feedback@capethai.co.za,Help Put South African Delivery Heroes on the Map – Simply Asia
2026-07-22,RocoMamas,howzit@rocomamas.co.za,Help Put South African Delivery Heroes on the Map – RocoMamas
2026-07-22,Car Care Clinic,info@carcareclinic.co.za,Help Put South African Delivery Heroes on the Map – Car Care Clinic
2026-07-22,The Green Cab,info@thegreencab.co.za,Help Put South African Delivery Heroes on the Map – The Green Cab
2026-07-22,The Green Cab,bookings@thegreencab.co.za,Help Put South African Delivery Heroes on the Map – The Green Cab
2026-07-22,Drive Electric,rentals@driveelectric.co.za,Help Put South African Delivery Heroes on the Map – Drive Electric
2026-07-22,Green Scooter,info@greenscooter.co.za,Help Put South African Delivery Heroes on the Map – Green Scooter
2026-07-22,Green Scooter,support@greenscooter.co.za,Help Put South African Delivery Heroes on the Map – Green Scooter
2026-07-22,Eleksa,support@eleksa.co.za,Help Put South African Delivery Heroes on the Map – Eleksa
2026-07-22,Scoot SA,info@scootsa.co.za,Help Put South African Delivery Heroes on the Map – Scoot SA
2026-07-22,GridCars,info@gridcars.co.za,Help Put South African Delivery Heroes on the Map – GridCars
2026-07-22,GridCars,support@gridcars.co.za,Help Put South African Delivery Heroes on the Map – GridCars
2026-07-22,Drive Electric,info@driveelectric.co.za,Help Put South African Delivery Heroes on the Map – Drive Electric
2026-07-22,E-Delivery SA,info@edelivery.co.za,Help Put South African Delivery Heroes on the Map – E-Delivery SA
2026-07-22,E-Delivery SA,support@edelivery.co.za,Help Put South African Delivery Heroes on the Map – E-Delivery SA
2026-07-22,Hatfield Volkswagen,migaela@hatfieldvw.co.za,Help Put South African Delivery Heroes on the Map – Hatfield Volkswagen
2026-07-22,Hatfield Volkswagen,rolfe.o@hatfieldvw.co.za,Help Put South African Delivery Heroes on the Map – Hatfield Volkswagen
2026-07-22,Hatfield Volkswagen,jacques@hatfieldvw.co.za,Help Put South African Delivery Heroes on the Map – Hatfield Volkswagen
2026-07-22,Hatfield Volkswagen,llewellyn.b@hatfieldvw.co.za,Help Put South African Delivery Heroes on the Map – Hatfield Volkswagen
2026-07-22,Hatfield Volkswagen,fanie.p@hatfieldvw.co.za,Help Put South African Delivery Heroes on the Map – Hatfield Volkswagen
2026-07-22,Motus Toyota,aodendaal@motustoyota.co.za,Help Put South African Delivery Heroes on the Map – Motus Toyota
2026-07-22,Motus Toyota,mrautenbach@motustoyota.co.za,Help Put South African Delivery Heroes on the Map – Motus Toyota
2026-07-22,Motus Audi,pmootheram@motusaudi.co.za,Help Put South African Delivery Heroes on the Map – Motus Audi
2026-07-22,Motus Audi,wmolepo@motusaudi.co.za,Help Put South African Delivery Heroes on the Map – Motus Audi
2026-07-22,Motus Audi,drampya@motusaudi.co.za,Help Put South African Delivery Heroes on the Map – Motus Audi
2026-07-22,Viper Performance,johan@viperperformance.co.za,Help Put South African Delivery Heroes on the Map – Viper Performance
2026-07-22,Viper Performance,cobus@viperperformance.co.za,Help Put South African Delivery Heroes on the Map – Viper Performance
2026-07-22,Viper Performance,sales@viperperformance.co.za,Help Put South African Delivery Heroes on the Map – Viper Performance
2026-07-22,Viper Performance,middelburg@viperperformance.co.za,Help Put South African Delivery Heroes on the Map – Viper Performance
2026-07-22,Wulfchiptegnik SA,info@vagtec.co.za,Help Put South African Delivery Heroes on the Map – Wulfchiptegnik SA
2026-07-22,Wulfchiptegnik SA,enquiries@wulfchiptegnik.com,Help Put South African Delivery Heroes on the Map – Wulfchiptegnik SA
2026-07-22,Turbo Direct SA,info@turbodirect.co.za,Help Put South African Delivery Heroes on the Map – Turbo Direct SA
2026-07-22,Import Parts SA,sales@importparts.co.za,Help Put South African Delivery Heroes on the Map – Import Parts SA
2026-07-22,Autostyle Motorsport,sales@autostyle.co.za,Help Put South African Delivery Heroes on the Map – Autostyle Motorsport
2026-07-22,Autostyle Motorsport,boksburg@autostyle.co.za,Help Put South African Delivery Heroes on the Map – Autostyle Motorsport
2026-07-22,Powerflow Exhausts SA,info@powerflowexhausts.co.za,Help Put South African Delivery Heroes on the Map – Powerflow Exhausts SA
2026-07-22,Powerflow Exhausts SA,sales@powerflowexhausts.co.za,Help Put South African Delivery Heroes on the Map – Powerflow Exhausts SA
2026-07-22,Viper Performance,info@viperperformance.co.za,Help Put South African Delivery Heroes on the Map – Viper Performance
2026-07-22,Import Parts SA,info@importparts.co.za,Help Put South African Delivery Heroes on the Map – Import Parts SA
2026-07-22,Autostyle Motorsport,info@autostyle.co.za,Help Put South African Delivery Heroes on the Map – Autostyle Motorsport
2026-07-22,Autostyle Motorsport,support@autostyle.co.za,Help Put South African Delivery Heroes on the Map – Autostyle Motorsport
2026-07-22,Mr Turbo,sales@mrturbo.co.za,Help Put South African Delivery Heroes on the Map – Mr Turbo
2026-07-22,TurboWorks,sales@turboworks.co.za,Help Put South African Delivery Heroes on the Map – TurboWorks
2026-07-22,TurboWorks,info@turboworks.co.za,Help Put South African Delivery Heroes on the Map – TurboWorks
2026-07-22,SafetyJogger SA,sales@safetyjogger.co.za,Help Put South African Delivery Heroes on the Map – SafetyJogger SA
2026-07-22,Hire All,hd@hireall.co.za,Help Put South African Delivery Heroes on the Map – Hire All
2026-07-22,Hire All,mt@hireall.co.za,Help Put South African Delivery Heroes on the Map – Hire All
2026-07-22,Hire All,wm@hireall.co.za,Help Put South African Delivery Heroes on the Map – Hire All
2026-07-22,Hire All,ls@hireall.co.za,Help Put South African Delivery Heroes on the Map – Hire All
2026-07-22,Hire All,sales@hireall.co.za,Help Put South African Delivery Heroes on the Map – Hire All
2026-07-22,Hire All,ve@hireall.co.za,Help Put South African Delivery Heroes on the Map – Hire All
2026-07-22,Hire All,bh@hireall.co.za,Help Put South African Delivery Heroes on the Map – Hire All
2026-07-22,Hire All,wb@hireall.co.za,Help Put South African Delivery Heroes on the Map – Hire All
2026-07-22,Hire All,jp@hireall.co.za,Help Put South African Delivery Heroes on the Map – Hire All
2026-07-22,Hire All,rf@hireall.co.za,Help Put South African Delivery Heroes on the Map – Hire All
2026-07-22,Hire All,rb@hireall.co.za,Help Put South African Delivery Heroes on the Map – Hire All
2026-07-22,Hire All,fl@hireall.co.za,Help Put South African Delivery Heroes on the Map – Hire All
2026-07-22,Hire All,kd@hireall.co.za,Help Put South African Delivery Heroes on the Map – Hire All
2026-07-22,Hire All,plant@hireall.co.za,Help Put South African Delivery Heroes on the Map – Hire All
2026-07-22,Stretch Tents SA,sales@conceptabrasives.co.za,Help Put South African Delivery Heroes on the Map – Stretch Tents SA
2026-07-22,Hire All,info@hireall.co.za,Help Put South African Delivery Heroes on the Map – Hire All
2026-07-22,Lighting Hire SA,info@lightinghire.co.za,Help Put South African Delivery Heroes on the Map – Lighting Hire SA
2026-07-22,Lighting Hire SA,sales@lightinghire.co.za,Help Put South African Delivery Heroes on the Map – Lighting Hire SA
2026-07-22,National Glass,msagi@natglass.co.za,Help Put South African Delivery Heroes on the Map – National Glass
2026-07-22,OptiGlass,sales@optiglass.co.za,Help Put South African Delivery Heroes on the Map – OptiGlass
2026-07-22,OptiGlass,info@optiglass.co.za,Help Put South African Delivery Heroes on the Map – OptiGlass
2026-07-22,PG Glass,info@pgglass.co.za,Help Put South African Delivery Heroes on the Map – PG Glass
2026-07-22,Shatterprufe,info@shatterprufe.co.za,Help Put South African Delivery Heroes on the Map – Shatterprufe
2026-07-22,Shatterprufe,sales@shatterprufe.co.za,Help Put South African Delivery Heroes on the Map – Shatterprufe
2026-07-22,Swift Glass,info@swiftglass.co.za,Help Put South African Delivery Heroes on the Map – Swift Glass
2026-07-22,Swift Glass,sales@swiftglass.co.za,Help Put South African Delivery Heroes on the Map – Swift Glass
2026-07-22,Absa Fleet,info@absafleet.co.za,Help Put South African Delivery Heroes on the Map – Absa Fleet
2026-07-22,Absa Fleet,sales@absafleet.co.za,Help Put South African Delivery Heroes on the Map – Absa Fleet
2026-07-22,EV Charge SA,info@evcharge.co.za,Help Put South African Delivery Heroes on the Map – EV Charge SA
2026-07-22,PlugPoint,sales@plugpoint.co.za,Help Put South African Delivery Heroes on the Map – PlugPoint
2026-07-22,PlugPoint,support@plugpoint.co.za,Help Put South African Delivery Heroes on the Map – PlugPoint
2026-07-22,EV Charge SA,sales@evcharge.co.za,Help Put South African Delivery Heroes on the Map – EV Charge SA
2026-07-22,PlugPoint,info@plugpoint.co.za,Help Put South African Delivery Heroes on the Map – PlugPoint
2026-07-22,GreenCharge,info@greencharge.co.za,Help Put South African Delivery Heroes on the Map – GreenCharge
2026-07-22,GreenCharge,support@greencharge.co.za,Help Put South African Delivery Heroes on the Map – GreenCharge
2026-07-22,ReCharge,info@recharge.co.za,Help Put South African Delivery Heroes on the Map – ReCharge
2026-07-22,ReCharge,sales@recharge.co.za,Help Put South African Delivery Heroes on the Map – ReCharge
2026-07-23,Tracker,info@tracker.co.za,Time is Running Out – Sponsor Our Red Bull Cart Race Team
2026-07-23,Finova SA,info@finova.co.za,Time is Running Out – Sponsor Our Red Bull Cart Race Team
2026-07-23,Lipa Payments,info@lipa.co.za,Time is Running Out – Sponsor Our Red Bull Cart Race Team
2026-07-23,Lipa Payments,support@lipa.co.za,Time is Running Out – Sponsor Our Red Bull Cart Race Team
2026-07-23,PayGate,info@paygate.co.za,Time is Running Out – Sponsor Our Red Bull Cart Race Team
2026-07-23,PayGate,sales@paygate.co.za,Time is Running Out – Sponsor Our Red Bull Cart Race Team
2026-07-23,Click2Pay,info@click2pay.co.za,Time is Running Out – Sponsor Our Red Bull Cart Race Team
2026-07-23,Click2Pay,support@click2pay.co.za,Time is Running Out – Sponsor Our Red Bull Cart Race Team
2026-07-23,Office Box,customerservice@officebox.co.za,Time is Running Out – Sponsor Our Red Bull Cart Race Team
2026-07-23,Office Box,hello@officebox.co.za,Time is Running Out – Sponsor Our Red Bull Cart Race Team
2026-07-23,Office National,info@officenational.co.za,Time is Running Out – Sponsor Our Red Bull Cart Race Team
2026-07-23,Office National,support@officenational.co.za,Time is Running Out – Sponsor Our Red Bull Cart Race Team
2026-07-23,Office Box,info@officebox.co.za,Time is Running Out – Sponsor Our Red Bull Cart Race Team
2026-07-23,Office Hub,info@officehub.co.za,Time is Running Out – Sponsor Our Red Bull Cart Race Team
2026-07-23,Office Hub,support@officehub.co.za,Time is Running Out – Sponsor Our Red Bull Cart Race Team
2026-07-23,Ink & Toner SA,info@inkandtoner.co.za,Time is Running Out – Sponsor Our Red Bull Cart Race Team
2026-07-23,Ink & Toner SA,sales@inkandtoner.co.za,Time is Running Out – Sponsor Our Red Bull Cart Race Team
2026-07-23,Sendr,info@sendr.co.za,Time is Running Out – Sponsor Our Red Bull Cart Race Team
2026-07-23,MyCourier,info@mycouriersa.co.za,Time is Running Out – Sponsor Our Red Bull Cart Race Team
2026-07-23,MyCourier,info@mycourier.co.za,Time is Running Out – Sponsor Our Red Bull Cart Race Team
2026-07-23,MyCourier,collections@mycouriersa.co.za,Time is Running Out – Sponsor Our Red Bull Cart Race Team
2026-07-23,MyCourier,sales@mycouriersa.co.za,Time is Running Out – Sponsor Our Red Bull Cart Race Team
2026-07-23,Pargo,support@pargo.co.za,Time is Running Out – Sponsor Our Red Bull Cart Race Team
2026-07-23,Pargo,complaints@pargo.co.za,Time is Running Out – Sponsor Our Red Bull Cart Race Team
2026-07-23,Paxi,support@paxi.co.za,Time is Running Out – Sponsor Our Red Bull Cart Race Team
2026-07-23,Quiver,info@quiver.co.za,Time is Running Out – Sponsor Our Red Bull Cart Race Team
2026-07-23,Quiver,sales@quiver.co.za,Time is Running Out – Sponsor Our Red Bull Cart Race Team
2026-07-23,Sendr,support@sendr.co.za,Time is Running Out – Sponsor Our Red Bull Cart Race Team
2026-07-23,Picup,info@picup.co.za,Time is Running Out – Sponsor Our Red Bull Cart Race Team
2026-07-23,Picup,sales@picup.co.za,Time is Running Out – Sponsor Our Red Bull Cart Race Team
2026-07-23,Droppa,info@droppa.co.za,Time is Running Out – Sponsor Our Red Bull Cart Race Team
2026-07-23,MyCourier,sales@mycourier.co.za,Time is Running Out – Sponsor Our Red Bull Cart Race Team
2026-07-23,Drive Dynamics,sales@drivedynamics.co.za,Time is Running Out – Sponsor Our Red Bull Cart Race Team
2026-07-23,MasterDrive,info@masterdrive.co.za,Time is Running Out – Sponsor Our Red Bull Cart Race Team
2026-07-23,MasterDrive,support@masterdrive.co.za,Time is Running Out – Sponsor Our Red Bull Cart Race Team
2026-07-23,iDrive,info@idrive.co.za,Time is Running Out – Sponsor Our Red Bull Cart Race Team
2026-07-23,iDrive,support@idrive.co.za,Time is Running Out – Sponsor Our Red Bull Cart Race Team
2026-07-23,Learn 2 Drive,info@learn2drive.co.za,Time is Running Out – Sponsor Our Red Bull Cart Race Team
2026-07-23,Learn 2 Drive,support@learn2drive.co.za,Time is Running Out – Sponsor Our Red Bull Cart Race Team
2026-07-24,Playmakers,info@playmakers.co.za,Help Put South African Delivery Heroes on the Map – Playmakers
2026-07-24,Action Sports Marketing,info@actionsports.co.za,Help Put South African Delivery Heroes on the Map – Action Sports Marketing
2026-07-24,Podium Sports,nic@podiumsports.co.za,Help Put South African Delivery Heroes on the Map – Podium Sports
2026-07-24,BrandSport,info@brandsport.co.za,Help Put South African Delivery Heroes on the Map – BrandSport
2026-07-24,BrandSport,sales@brandsport.co.za,Help Put South African Delivery Heroes on the Map – BrandSport
2026-07-24,Playmakers,support@playmakers.co.za,Help Put South African Delivery Heroes on the Map – Playmakers
2026-07-24,Elevate Sports,info@elevatesports.co.za,Help Put South African Delivery Heroes on the Map – Elevate Sports
2026-07-24,Elevate Sports,sales@elevatesports.co.za,Help Put South African Delivery Heroes on the Map – Elevate Sports
2026-07-24,Action Sports Marketing,sales@actionsports.co.za,Help Put South African Delivery Heroes on the Map – Action Sports Marketing
2026-07-24,Game On SA,info@gameonsa.co.za,Help Put South African Delivery Heroes on the Map – Game On SA
2026-07-24,Game On SA,hello@gameonsa.co.za,Help Put South African Delivery Heroes on the Map – Game On SA
2026-07-24,ProActive Sports,info@proactivesports.co.za,Help Put South African Delivery Heroes on the Map – ProActive Sports
2026-07-24,ProActive Sports,support@proactivesports.co.za,Help Put South African Delivery Heroes on the Map – ProActive Sports
2026-07-24,Podium Sports,info@podiumsports.co.za,Help Put South African Delivery Heroes on the Map – Podium Sports
2026-07-24,Chesa Nyama,info@thefranchiseco.co.za,Help Put South African Delivery Heroes on the Map – Chesa Nyama
2026-07-24,Yamato,info@yamato.co.za,Help Put South African Delivery Heroes on the Map – Yamato
2026-07-24,Yamato,yamato@global.co.za,Help Put South African Delivery Heroes on the Map – Yamato
2026-07-24,Jimmy's Killer Prawns,info@jkfc.co.za,Help Put South African Delivery Heroes on the Map – Jimmy's Killer Prawns
2026-07-24,Butterfly Chicken,info@butterflychicken.co.za,Help Put South African Delivery Heroes on the Map – Butterfly Chicken
2026-07-24,Butterfly Chicken,sales@butterflychicken.co.za,Help Put South African Delivery Heroes on the Map – Butterfly Chicken
2026-07-24,Fish & Chip Co,info@fishandchip.co.za,Help Put South African Delivery Heroes on the Map – Fish & Chip Co
2026-07-24,Fish & Chip Co,sales@fishandchip.co.za,Help Put South African Delivery Heroes on the Map – Fish & Chip Co
2026-07-24,Yamato,support@yamato.co.za,Help Put South African Delivery Heroes on the Map – Yamato
2026-07-24,Jimmy's Killer Prawns,info@jimmyskillerprawns.co.za,Help Put South African Delivery Heroes on the Map – Jimmy's Killer Prawns
2026-07-24,Jimmy's Killer Prawns,sales@jimmyskillerprawns.co.za,Help Put South African Delivery Heroes on the Map – Jimmy's Killer Prawns
2026-07-24,LogiPack,info@logipack.co.za,Help Put South African Delivery Heroes on the Map – LogiPack
2026-07-24,LogiPack,support@logipack.co.za,Help Put South African Delivery Heroes on the Map – LogiPack
2026-07-24,SmartBox,info@smartbox.co.za,Help Put South African Delivery Heroes on the Map – SmartBox
2026-07-24,SmartBox,sales@smartbox.co.za,Help Put South African Delivery Heroes on the Map – SmartBox
2026-07-24,SafePack,info@safepack.co.za,Help Put South African Delivery Heroes on the Map – SafePack
2026-07-24,SafePack,sales@safepack.co.za,Help Put South African Delivery Heroes on the Map – SafePack
2026-07-26,BikeBox SA,info@bikeboxsa.co.za,Time is Running Out – Sponsor Our Red Bull Cart Race Team
2026-07-26,BikeBox SA,sales@bikeboxsa.co.za,Time is Running Out – Sponsor Our Red Bull Cart Race Team
2026-07-26,MotorParts SA,info@motorparts.co.za,Time is Running Out – Sponsor Our Red Bull Cart Race Team
2026-07-26,MotorParts SA,sales@motorparts.co.za,Time is Running Out – Sponsor Our Red Bull Cart Race Team
2026-07-26,ColdChain SA,info@coldchainsa.com,Time is Running Out – Sponsor Our Red Bull Cart Race Team
2026-07-26,ColdChain SA,info@coldchainsa.co.za,Time is Running Out – Sponsor Our Red Bull Cart Race Team
2026-07-26,ColdChain SA,support@coldchainsa.co.za,Time is Running Out – Sponsor Our Red Bull Cart Race Team
2026-07-26,ThermoKing,info@thermoking.co.za,Time is Running Out – Sponsor Our Red Bull Cart Race Team
2026-07-26,ThermoKing,sales@thermoking.co.za,Time is Running Out – Sponsor Our Red Bull Cart Race Team
2026-07-26,FrostLine,info@frostline.co.za,Time is Running Out – Sponsor Our Red Bull Cart Race Team
2026-07-26,FrostLine,support@frostline.co.za,Time is Running Out – Sponsor Our Red Bull Cart Race Team
2026-07-27,ADT South Africa,customercareinland@fidelity-services.com,Time is Running Out – Sponsor Our Red Bull Cart Race Team
2026-07-27,Securitas SA,info@securitas.co.za,Time is Running Out – Sponsor Our Red Bull Cart Race Team
2026-07-27,Bidvest Protea Coin,info@proteacoin.co.za,Time is Running Out – Sponsor Our Red Bull Cart Race Team
2026-07-27,Red Alert,sales@redalert.co.za,Time is Running Out – Sponsor Our Red Bull Cart Race Team
2026-07-27,Vision Tactical,info@visiontactical.co.za,Time is Running Out – Sponsor Our Red Bull Cart Race Team
2026-07-27,Red Alert,info@redalert.co.za,Time is Running Out – Sponsor Our Red Bull Cart Race Team
2026-07-27,Red Alert,support@redalert.co.za,Time is Running Out – Sponsor Our Red Bull Cart Race Team
2026-07-27,Vision Tactical,support@visiontactical.co.za,Time is Running Out – Sponsor Our Red Bull Cart Race Team
2026-07-27,Echelon Security,info@echelon.co.za,Time is Running Out – Sponsor Our Red Bull Cart Race Team
2026-07-27,Battery Centre,batterycentreparys@telkomsa.net,Time is Running Out – Sponsor Our Red Bull Cart Race Team
2026-07-27,Battery Centre,bcbrackenfell@telkomsa.net,Time is Running Out – Sponsor Our Red Bull Cart Race Team
2026-07-27,Battery Centre,bcm@wcaccess.co.za,Time is Running Out – Sponsor Our Red Bull Cart Race Team
2026-07-27,Battery Centre,chris.n@batpol.co.za,Time is Running Out – Sponsor Our Red Bull Cart Race Team
2026-07-27,Battery Centre,zimkhitha.matyumza@kempston.co.za,Time is Running Out – Sponsor Our Red Bull Cart Race Team
2026-07-27,Battery Centre,info@batterycentrefourways.co.za,Time is Running Out – Sponsor Our Red Bull Cart Race Team
2026-07-27,Battery Centre,battery1stop@battcentrerb.co.za,Time is Running Out – Sponsor Our Red Bull Cart Race Team
2026-07-27,Battery Centre,hndzeerust@nwk.co.za,Time is Running Out – Sponsor Our Red Bull Cart Race Team
2026-07-27,Battery Centre,pm@tyrelube.co.za,Time is Running Out – Sponsor Our Red Bull Cart Race Team
2026-07-27,Battery Centre,springbokbatterycentre@telkomsa.net,Time is Running Out – Sponsor Our Red Bull Cart Race Team
2026-07-27,Battery Centre,hillcrest@battman.co.za,Time is Running Out – Sponsor Our Red Bull Cart Race Team
2026-07-27,Battery Centre,koster.bande@nwk.co.za,Time is Running Out – Sponsor Our Red Bull Cart Race Team
2026-07-27,Battery Centre,pikkiebcm@telkomsa.net,Time is Running Out – Sponsor Our Red Bull Cart Race Team
2026-07-27,Battery Centre,info@motolekballito.co.za,Time is Running Out – Sponsor Our Red Bull Cart Race Team
2026-07-27,Battery Centre,info@randburgbatterycentre.co.za,Time is Running Out – Sponsor Our Red Bull Cart Race Team
2026-07-27,Battery Centre,midas@sdms.co.za,Time is Running Out – Sponsor Our Red Bull Cart Race Team
2026-07-27,Battery Centre,info@batterycentre-bellville.co.za,Time is Running Out – Sponsor Our Red Bull Cart Race Team
2026-07-27,Battery Centre,girish@sdms.co.za,Time is Running Out – Sponsor Our Red Bull Cart Race Team
2026-07-27,Battery Centre,shop@montanabattery.co.za,Time is Running Out – Sponsor Our Red Bull Cart Race Team
2026-07-27,Battery Centre,accounts@strinimotorspares.co.za,Time is Running Out – Sponsor Our Red Bull Cart Race Team
2026-07-27,Battery Centre,batterycentreboksburg@ymail.com,Time is Running Out – Sponsor Our Red Bull Cart Race Team
2026-07-27,Battery Centre,vanderp@battery.co.za,Time is Running Out – Sponsor Our Red Bull Cart Race Team
2026-07-27,Battery Centre,info@mozautozone.com,Time is Running Out – Sponsor Our Red Bull Cart Race Team
2026-07-27,Battery Centre,batterycentre-mg@vodamail.co.za,Time is Running Out – Sponsor Our Red Bull Cart Race Team
2026-07-27,Battery Centre,accounts@startyres.co.za,Time is Running Out – Sponsor Our Red Bull Cart Race Team
2026-07-27,Battery Centre,battery@autoadvance.co.za,Time is Running Out – Sponsor Our Red Bull Cart Race Team
2026-07-27,Battery Centre,finance@rogamotors.co.za,Time is Running Out – Sponsor Our Red Bull Cart Race Team
2026-07-27,Battery Centre,battcentptn@battery.co.za,Time is Running Out – Sponsor Our Red Bull Cart Race Team
2026-07-27,Battery Centre,dan@pebattery.co.za,Time is Running Out – Sponsor Our Red Bull Cart Race Team
2026-07-27,Battery Centre,bcupt@atmauto.co.za,Time is Running Out – Sponsor Our Red Bull Cart Race Team
2026-07-27,Battery Centre,batcentre@clubweb.co.za,Time is Running Out – Sponsor Our Red Bull Cart Race Team
2026-07-27,Battery Centre,info@batterycentre-tygervalley.co.za,Time is Running Out – Sponsor Our Red Bull Cart Race Team
2026-07-27,Battery Centre,sales@batterykld.co.za,Time is Running Out – Sponsor Our Red Bull Cart Race Team
2026-07-27,Exide SA,marketing@battery.co.za,Time is Running Out – Sponsor Our Red Bull Cart Race Team
2026-07-27,SABAT Batteries,info@sabat.co.za,Time is Running Out – Sponsor Our Red Bull Cart Race Team
2026-07-27,Spark Auto Electrical,info@sparkauto.co.za,Time is Running Out – Sponsor Our Red Bull Cart Race Team
2026-07-27,Spark Auto Electrical,support@sparkauto.co.za,Time is Running Out – Sponsor Our Red Bull Cart Race Team
2026-07-27,Wrap Drive,business@wrapdrive.co.za,Time is Running Out – Sponsor Our Red Bull Cart Race Team
2026-07-27,Wrap Drive,hello@wrapdrive.co.za,Time is Running Out – Sponsor Our Red Bull Cart Race Team
2026-07-27,Signarama,support@signarama.co.za,Time is Running Out – Sponsor Our Red Bull Cart Race Team
2026-07-27,MotorParts SA,support@motorparts.co.za,Time is Running Out – Sponsor Our Red Bull Cart Race Team
2026-07-27,Shatterprufe,support@shatterprufe.co.za,Time is Running Out – Sponsor Our Red Bull Cart Race Team
2026-07-27,GlassWorks,support@glassworks.co.za,Time is Running Out – Sponsor Our Red Bull Cart Race Team
2026-07-27,Pirelli SA,marketing.za@pirelli.com,Time is Running Out – Sponsor Our Red Bull Cart Race Team
2026-07-27,Pirelli SA,customersupport.milanhq@pirelli.com,Time is Running Out – Sponsor Our Red Bull Cart Race Team
2026-07-27,Hankook Tyre SA,salesinfo@treads.co.za,Time is Running Out – Sponsor Our Red Bull Cart Race Team
2026-07-27,Kumho Tyre SA,telesales@stamford.co.za,Time is Running Out – Sponsor Our Red Bull Cart Race Team
2026-07-27,TyreMart,info@tyremart.co.za,Time is Running Out – Sponsor Our Red Bull Cart Race Team
2026-07-27,AutoWiel,info@autowiel.co.za,Time is Running Out – Sponsor Our Red Bull Cart Race Team
2026-07-27,Hi-Q,support@hi-q.co.za,Time is Running Out – Sponsor Our Red Bull Cart Race Team
2026-07-29,EV Charge SA,info@evcharge.co.za,Time is Running Out – Sponsor Our Red Bull Cart Race Team
2026-07-29,PlugPoint,sales@plugpoint.co.za,Time is Running Out – Sponsor Our Red Bull Cart Race Team
2026-07-29,PlugPoint,support@plugpoint.co.za,Time is Running Out – Sponsor Our Red Bull Cart Race Team
2026-07-29,EV Charge SA,sales@evcharge.co.za,Time is Running Out – Sponsor Our Red Bull Cart Race Team
2026-07-29,PlugPoint,info@plugpoint.co.za,Time is Running Out – Sponsor Our Red Bull Cart Race Team
2026-07-29,MotorParts SA,sales@motorparts.co.za,Time is Running Out – Sponsor Our Red Bull Cart Race Team
2026-07-29,ColdChain SA,info@coldchainsa.com,Time is Running Out – Sponsor Our Red Bull Cart Race Team
2026-07-29,ColdChain SA,info@coldchainsa.co.za,Time is Running Out – Sponsor Our Red Bull Cart Race Team
2026-07-29,ADT South Africa,customercareinland@fidelity-services.com,Time is Running Out – Sponsor Our Red Bull Cart Race Team
2026-07-29,Securitas SA,info@securitas.co.za,Time is Running Out – Sponsor Our Red Bull Cart Race Team
2026-07-29,Bidvest Protea Coin,info@proteacoin.co.za,Time is Running Out – Sponsor Our Red Bull Cart Race Team
2026-07-29,Red Alert,sales@redalert.co.za,Time is Running Out – Sponsor Our Red Bull Cart Race Team
2026-07-29,Vision Tactical,info@visiontactical.co.za,Time is Running Out – Sponsor Our Red Bull Cart Race Team
2026-07-29,Red Alert,info@redalert.co.za,Time is Running Out – Sponsor Our Red Bull Cart Race Team
2026-07-29,Red Alert,support@redalert.co.za,Time is Running Out – Sponsor Our Red Bull Cart Race Team
2026-07-29,Vision Tactical,support@visiontactical.co.za,Time is Running Out – Sponsor Our Red Bull Cart Race Team
2026-07-29,Echelon Security,info@echelon.co.za,Time is Running Out – Sponsor Our Red Bull Cart Race Team
2026-07-29,Battery Centre,batterycentreparys@telkomsa.net,Time is Running Out – Sponsor Our Red Bull Cart Race Team
2026-07-29,Battery Centre,bcbrackenfell@telkomsa.net,Time is Running Out – Sponsor Our Red Bull Cart Race Team
2026-07-29,Battery Centre,bcm@wcaccess.co.za,Time is Running Out – Sponsor Our Red Bull Cart Race Team
2026-07-29,Battery Centre,chris.n@batpol.co.za,Time is Running Out – Sponsor Our Red Bull Cart Race Team
2026-07-29,Battery Centre,zimkhitha.matyumza@kempston.co.za,Time is Running Out – Sponsor Our Red Bull Cart Race Team
2026-07-29,Battery Centre,info@batterycentrefourways.co.za,Time is Running Out – Sponsor Our Red Bull Cart Race Team
2026-07-29,Battery Centre,battery1stop@battcentrerb.co.za,Time is Running Out – Sponsor Our Red Bull Cart Race Team
2026-07-29,Battery Centre,hndzeerust@nwk.co.za,Time is Running Out – Sponsor Our Red Bull Cart Race Team
2026-07-29,Battery Centre,pm@tyrelube.co.za,Time is Running Out – Sponsor Our Red Bull Cart Race Team
2026-07-29,Battery Centre,springbokbatterycentre@telkomsa.net,Time is Running Out – Sponsor Our Red Bull Cart Race Team
2026-07-29,Battery Centre,hillcrest@battman.co.za,Time is Running Out – Sponsor Our Red Bull Cart Race Team
2026-07-29,Battery Centre,koster.bande@nwk.co.za,Time is Running Out – Sponsor Our Red Bull Cart Race Team
2026-07-29,Battery Centre,pikkiebcm@telkomsa.net,Time is Running Out – Sponsor Our Red Bull Cart Race Team
2026-07-29,Battery Centre,info@motolekballito.co.za,Time is Running Out – Sponsor Our Red Bull Cart Race Team
2026-07-29,Battery Centre,info@randburgbatterycentre.co.za,Time is Running Out – Sponsor Our Red Bull Cart Race Team
2026-07-29,Battery Centre,midas@sdms.co.za,Time is Running Out – Sponsor Our Red Bull Cart Race Team
2026-07-29,Battery Centre,info@batterycentre-bellville.co.za,Time is Running Out – Sponsor Our Red Bull Cart Race Team
2026-07-29,Battery Centre,girish@sdms.co.za,Time is Running Out – Sponsor Our Red Bull Cart Race Team
2026-07-29,Battery Centre,shop@montanabattery.co.za,Time is Running Out – Sponsor Our Red Bull Cart Race Team
2026-07-29,Battery Centre,accounts@strinimotorspares.co.za,Time is Running Out – Sponsor Our Red Bull Cart Race Team
2026-07-29,Battery Centre,batterycentreboksburg@ymail.com,Time is Running Out – Sponsor Our Red Bull Cart Race Team
2026-07-29,Battery Centre,vanderp@battery.co.za,Time is Running Out – Sponsor Our Red Bull Cart Race Team
2026-07-29,Battery Centre,info@mozautozone.com,Time is Running Out – Sponsor Our Red Bull Cart Race Team
2026-07-29,Battery Centre,batterycentre-mg@vodamail.co.za,Time is Running Out – Sponsor Our Red Bull Cart Race Team
2026-07-29,Battery Centre,accounts@startyres.co.za,Time is Running Out – Sponsor Our Red Bull Cart Race Team
2026-07-29,Battery Centre,battery@autoadvance.co.za,Time is Running Out – Sponsor Our Red Bull Cart Race Team
2026-07-29,Battery Centre,finance@rogamotors.co.za,Time is Running Out – Sponsor Our Red Bull Cart Race Team
2026-07-29,Battery Centre,battcentptn@battery.co.za,Time is Running Out – Sponsor Our Red Bull Cart Race Team
2026-07-29,Battery Centre,dan@pebattery.co.za,Time is Running Out – Sponsor Our Red Bull Cart Race Team
2026-07-29,Battery Centre,bcupt@atmauto.co.za,Time is Running Out – Sponsor Our Red Bull Cart Race Team
2026-07-29,Battery Centre,batcentre@clubweb.co.za,Time is Running Out – Sponsor Our Red Bull Cart Race Team
2026-07-29,Battery Centre,info@batterycentre-tygervalley.co.za,Time is Running Out – Sponsor Our Red Bull Cart Race Team
2026-07-29,Battery Centre,sales@batterykld.co.za,Time is Running Out – Sponsor Our Red Bull Cart Race Team
2026-07-29,Exide SA,marketing@battery.co.za,Time is Running Out – Sponsor Our Red Bull Cart Race Team
2026-07-29,SABAT Batteries,info@sabat.co.za,Time is Running Out – Sponsor Our Red Bull Cart Race Team
2026-07-29,Spark Auto Electrical,info@sparkauto.co.za,Time is Running Out – Sponsor Our Red Bull Cart Race Team
2026-07-29,Spark Auto Electrical,support@sparkauto.co.za,Time is Running Out – Sponsor Our Red Bull Cart Race Team
2026-07-29,Wrap Drive,business@wrapdrive.co.za,Time is Running Out – Sponsor Our Red Bull Cart Race Team
2026-07-29,Wrap Drive,hello@wrapdrive.co.za,Time is Running Out – Sponsor Our Red Bull Cart Race Team
2026-07-29,Signarama,support@signarama.co.za,Time is Running Out – Sponsor Our Red Bull Cart Race Team
2026-07-29,MotorParts SA,support@motorparts.co.za,Time is Running Out – Sponsor Our Red Bull Cart Race Team
2026-07-29,Shatterprufe,support@shatterprufe.co.za,Time is Running Out – Sponsor Our Red Bull Cart Race Team
2026-07-29,GlassWorks,support@glassworks.co.za,Time is Running Out – Sponsor Our Red Bull Cart Race Team
2026-07-29,Pirelli SA,marketing.za@pirelli.com,Time is Running Out – Sponsor Our Red Bull Cart Race Team
2026-07-29,Pirelli SA,customersupport.milanhq@pirelli.com,Time is Running Out – Sponsor Our Red Bull Cart Race Team
2026-07-29,Hankook Tyre SA,salesinfo@treads.co.za,Time is Running Out – Sponsor Our Red Bull Cart Race Team
2026-07-29,Kumho Tyre SA,telesales@stamford.co.za,Time is Running Out – Sponsor Our Red Bull Cart Race Team
2026-07-29,TyreMart,info@tyremart.co.za,Time is Running Out – Sponsor Our Red Bull Cart Race Team
2026-07-29,AutoWiel,info@autowiel.co.za,Time is Running Out – Sponsor Our Red Bull Cart Race Team
2026-07-29,Hi-Q,support@hi-q.co.za,Time is Running Out – Sponsor Our Red Bull Cart Race Team
2026-07-29,EV Charge SA,info@evcharge.co.za,Time is Running Out – Sponsor Our Red Bull Cart Race Team
2026-07-29,PlugPoint,sales@plugpoint.co.za,Time is Running Out – Sponsor Our Red Bull Cart Race Team
2026-07-29,PlugPoint,support@plugpoint.co.za,Time is Running Out – Sponsor Our Red Bull Cart Race Team
2026-07-29,EV Charge SA,sales@evcharge.co.za,Time is Running Out – Sponsor Our Red Bull Cart Race Team
2026-07-29,PlugPoint,info@plugpoint.co.za,Time is Running Out – Sponsor Our Red Bull Cart Race Team
2026-07-29,ColdChain SA,info@coldchainsa.com,Time is Running Out – Sponsor Our Red Bull Cart Race Team
2026-07-29,ColdChain SA,info@coldchainsa.co.za,Time is Running Out – Sponsor Our Red Bull Cart Race Team
2026-07-29,ADT South Africa,customercareinland@fidelity-services.com,Time is Running Out – Sponsor Our Red Bull Cart Race Team
2026-07-29,Securitas SA,info@securitas.co.za,Time is Running Out – Sponsor Our Red Bull Cart Race Team
2026-07-29,Bidvest Protea Coin,info@proteacoin.co.za,Time is Running Out – Sponsor Our Red Bull Cart Race Team
2026-07-29,Red Alert,sales@redalert.co.za,Time is Running Out – Sponsor Our Red Bull Cart Race Team
2026-07-29,Vision Tactical,info@visiontactical.co.za,Time is Running Out – Sponsor Our Red Bull Cart Race Team
2026-07-29,Red Alert,info@redalert.co.za,Time is Running Out – Sponsor Our Red Bull Cart Race Team
2026-07-29,Red Alert,support@redalert.co.za,Time is Running Out – Sponsor Our Red Bull Cart Race Team
2026-07-29,Vision Tactical,support@visiontactical.co.za,Time is Running Out – Sponsor Our Red Bull Cart Race Team
2026-07-29,Echelon Security,info@echelon.co.za,Time is Running Out – Sponsor Our Red Bull Cart Race Team
2026-07-29,Battery Centre,batterycentreparys@telkomsa.net,Time is Running Out – Sponsor Our Red Bull Cart Race Team
2026-07-29,Battery Centre,bcbrackenfell@telkomsa.net,Time is Running Out – Sponsor Our Red Bull Cart Race Team
2026-07-29,Battery Centre,bcm@wcaccess.co.za,Time is Running Out – Sponsor Our Red Bull Cart Race Team
2026-07-29,Battery Centre,chris.n@batpol.co.za,Time is Running Out – Sponsor Our Red Bull Cart Race Team
2026-07-29,Battery Centre,zimkhitha.matyumza@kempston.co.za,Time is Running Out – Sponsor Our Red Bull Cart Race Team
2026-07-29,Battery Centre,info@batterycentrefourways.co.za,Time is Running Out – Sponsor Our Red Bull Cart Race Team
2026-07-29,Battery Centre,battery1stop@battcentrerb.co.za,Time is Running Out – Sponsor Our Red Bull Cart Race Team
2026-07-29,Battery Centre,hndzeerust@nwk.co.za,Time is Running Out – Sponsor Our Red Bull Cart Race Team
2026-07-29,Battery Centre,pm@tyrelube.co.za,Time is Running Out – Sponsor Our Red Bull Cart Race Team
2026-07-29,Battery Centre,springbokbatterycentre@telkomsa.net,Time is Running Out – Sponsor Our Red Bull Cart Race Team
2026-07-29,Battery Centre,hillcrest@battman.co.za,Time is Running Out – Sponsor Our Red Bull Cart Race Team
2026-07-29,Battery Centre,koster.bande@nwk.co.za,Time is Running Out – Sponsor Our Red Bull Cart Race Team
2026-07-29,Battery Centre,pikkiebcm@telkomsa.net,Time is Running Out – Sponsor Our Red Bull Cart Race Team
2026-07-29,Battery Centre,info@motolekballito.co.za,Time is Running Out – Sponsor Our Red Bull Cart Race Team
2026-07-29,Battery Centre,info@randburgbatterycentre.co.za,Time is Running Out – Sponsor Our Red Bull Cart Race Team
2026-07-29,Battery Centre,midas@sdms.co.za,Time is Running Out – Sponsor Our Red Bull Cart Race Team
2026-07-29,Battery Centre,info@batterycentre-bellville.co.za,Time is Running Out – Sponsor Our Red Bull Cart Race Team
2026-07-29,Battery Centre,girish@sdms.co.za,Time is Running Out – Sponsor Our Red Bull Cart Race Team
2026-07-29,Battery Centre,shop@montanabattery.co.za,Time is Running Out – Sponsor Our Red Bull Cart Race Team
2026-07-29,Battery Centre,accounts@strinimotorspares.co.za,Time is Running Out – Sponsor Our Red Bull Cart Race Team
2026-07-29,Battery Centre,vanderp@battery.co.za,Time is Running Out – Sponsor Our Red Bull Cart Race Team
2026-07-29,Battery Centre,info@mozautozone.com,Time is Running Out – Sponsor Our Red Bull Cart Race Team
2026-07-29,Battery Centre,batterycentre-mg@vodamail.co.za,Time is Running Out – Sponsor Our Red Bull Cart Race Team
2026-07-29,Battery Centre,accounts@startyres.co.za,Time is Running Out – Sponsor Our Red Bull Cart Race Team
2026-07-29,Battery Centre,battery@autoadvance.co.za,Time is Running Out – Sponsor Our Red Bull Cart Race Team
2026-07-29,Battery Centre,finance@rogamotors.co.za,Time is Running Out – Sponsor Our Red Bull Cart Race Team
2026-07-29,Battery Centre,battcentptn@battery.co.za,Time is Running Out – Sponsor Our Red Bull Cart Race Team
2026-07-29,Battery Centre,dan@pebattery.co.za,Time is Running Out – Sponsor Our Red Bull Cart Race Team
2026-07-29,Battery Centre,bcupt@atmauto.co.za,Time is Running Out – Sponsor Our Red Bull Cart Race Team
2026-07-29,Battery Centre,batcentre@clubweb.co.za,Time is Running Out – Sponsor Our Red Bull Cart Race Team
2026-07-29,Battery Centre,info@batterycentre-tygervalley.co.za,Time is Running Out – Sponsor Our Red Bull Cart Race Team
2026-07-29,Battery Centre,sales@batterykld.co.za,Time is Running Out – Sponsor Our Red Bull Cart Race Team
2026-07-29,Exide SA,marketing@battery.co.za,Time is Running Out – Sponsor Our Red Bull Cart Race Team
2026-07-29,SABAT Batteries,info@sabat.co.za,Time is Running Out – Sponsor Our Red Bull Cart Race Team
2026-07-29,Spark Auto Electrical,support@sparkauto.co.za,Time is Running Out – Sponsor Our Red Bull Cart Race Team
2026-07-29,Wrap Drive,business@wrapdrive.co.za,Time is Running Out – Sponsor Our Red Bull Cart Race Team
2026-07-29,Wrap Drive,hello@wrapdrive.co.za,Time is Running Out – Sponsor Our Red Bull Cart Race Team
2026-07-29,Signarama,support@signarama.co.za,Time is Running Out – Sponsor Our Red Bull Cart Race Team
2026-07-29,Shatterprufe,support@shatterprufe.co.za,Time is Running Out – Sponsor Our Red Bull Cart Race Team
2026-07-29,GlassWorks,support@glassworks.co.za,Time is Running Out – Sponsor Our Red Bull Cart Race Team
2026-07-29,Pirelli SA,marketing.za@pirelli.com,Time is Running Out – Sponsor Our Red Bull Cart Race Team
2026-07-29,Pirelli SA,customersupport.milanhq@pirelli.com,Time is Running Out – Sponsor Our Red Bull Cart Race Team
2026-07-29,Hankook Tyre SA,salesinfo@treads.co.za,Time is Running Out – Sponsor Our Red Bull Cart Race Team
2026-07-29,Kumho Tyre SA,telesales@stamford.co.za,Time is Running Out – Sponsor Our Red Bull Cart Race Team
2026-07-29,TyreMart,info@tyremart.co.za,Time is Running Out – Sponsor Our Red Bull Cart Race Team
2026-07-29,AutoWiel,info@autowiel.co.za,Time is Running Out – Sponsor Our Red Bull Cart Race Team
2026-07-29,Hi-Q,support@hi-q.co.za,Time is Running Out – Sponsor Our Red Bull Cart Race Team
